league,Source,home_team,away_team,+1.5(%),+2.5(%),+3.5(%),H+1.5(%),A+1.5(%),xG
La Liga,ud,Mallorca,Valencia,0.2932400280913299,0.09017558517896385,0.022093997323756054,0.08926563196435588,0.000999142281816634,1.238095238095238
La Liga,ud,Barcelona,Las Palmas,0.9949859338867484,0.9756321177225517,0.9286601576265754,0.9745264922181877,0.04340295470234812,7.9714285714285715
La Liga,ud,Alaves,Leganes,0.7260650171897035,0.40003556115266237,0.16940424470542104,0.3233235838169366,0.11336582079871493,3.166666666666667
La Liga,ud,Espanyol,Celta Vigo,0.9470465084287907,0.7850396354240728,0.5362061680838891,0.6472238435660596,0.390660733001722,5.583333333333333
La Liga,ud,Real Valladolid,Atletico Madrid,0.33289785641246294,0.09425613881704542,0.02083626567722341,0.015173168363217027,0.08030139707139416,1.510204081632653
La Liga,ud,Villarreal,Girona,0.8517198540045264,0.5852158381053532,0.3196943590027248,0.4981750745019886,0.1734484661497936,4.095238095238095
La Liga,ud,Real Madrid,Getafe,0.8188156994660891,0.5828986414792258,0.3539018171933104,0.5768099188731566,0.014387677966970713,3.5000000000000004
La Liga,ud,Rayo Vallecano,Athletic Club,0.7467586892016034,0.4145952608242752,0.17031544501459328,0.20522238547799365,0.2634357982920823,3.333333333333333
La Liga,ud,Real Sociedad,Real Betis,0.5935930818183743,0.2560995325147324,0.08141684742335265,0.1734484661497936,0.09999505533543351,2.5306122448979593
La Liga,ud,Sevilla,Osasuna,0.5817173701915526,0.2693158070764713,0.09973304314665266,0.24655257162591349,0.030212108493992806,2.380952380952381
EPL,ud,Brighton,Southampton,0.9198773263152343,0.7651156490032404,0.5632165988917288,0.7577982226278346,0.030212108493992806,4.638888888888888
EPL,ud,Brentford,Leicester,0.9982511600880739,0.9857314701977491,0.9425156422155916,0.9703638361194782,0.5185432952869835,9.75
EPL,ud,Crystal Palace,Newcastle United,0.5384324936845176,0.2292342929965293,0.07731216979366096,0.030212108493992806,0.20522238547799365,2.2222222222222223
EPL,ud,Nottingham Forest,Ipswich,0.8495217665773073,0.5853411437566296,0.3237861496154938,0.5118033823590107,0.1506314438493248,4.055555555555556
EPL,ud,Wolverhampton Wanderers,Bournemouth,0.941348698944552,0.7649544652185287,0.5014131713502048,0.5185432952869835,0.5118033823590107,5.472222222222223
EPL,ud,West Ham,Arsenal,0.6902137968221798,0.3493875078100742,0.13065753491425136,0.1506314438493248,0.23400449960322145,3.0
EPL,ud,Chelsea,Aston Villa,0.9162898572977234,0.7030561761058224,0.42704687495133786,0.5185432952869835,0.38323878141612355,4.972222222222222
EPL,ud,Manchester United,Everton,0.6678922443791295,0.3317898380560145,0.124701966038402,0.25603030460278187,0.10183147770929468,2.861111111111111
EPL,ud,Tottenham,Fulham,0.8281031103951382,0.5550648690783246,0.3009009959423785,0.4981750745019886,0.11336582079871493,3.833333333333333
EPL,ud,Liverpool,Manchester City,0.7054237919492609,0.39430751514156814,0.17742703716517105,0.36085838244137713,0.05233446200539893,2.9722222222222223
Bundesliga,ud,St. Pauli,Holstein Kiel,0.5719076705793775,0.3016817179807163,0.128737108317573,0.0,0.3016817179807163,1.92
Bundesliga,ud,RasenBallsport Leipzig,Wolfsburg,0.6029818455041879,0.3088358687247257,0.1296965676972105,0.3016817179807163,0.010244828079428392,2.36
Bundesliga,ud,Werder Bremen,VfB Stuttgart,0.8087007890798462,0.503775434970811,0.2380316005329609,0.21664151018073696,0.36654217516213006,3.7600000000000002
Bundesliga,ud,Freiburg,Borussia M.Gladbach,0.6060550427009446,0.2738994552192566,0.0941356269319954,0.21664151018073696,0.07309290163144877,2.56
Bundesliga,ud,Augsburg,Bochum,0.9873973952022856,0.9395007949054672,0.8384602457544248,0.928771550752109,0.1506314438493248,7.138888888888888
Bundesliga,ud,Union Berlin,Bayer Leverkusen,0.690443923715969,0.3499881287750023,0.13126751791872082,0.23750678922756585,0.14751782436657845,3.0
Bundesliga,ud,Borussia Dortmund,Bayern Munich,0.9791729490639638,0.8884660551704868,0.6979437574794347,0.5768099188731564,0.7364448038750632,6.833333333333334
Bundesliga,ud,Mainz 05,Hoffenheim,0.4881321299025355,0.1757947640004799,0.04677320171599908,0.12051290121636982,0.06285693429791905,2.0999999999999996
Bundesliga,ud,FC Heidenheim,Eintracht Frankfurt,0.8620511931523959,0.5964509457731129,0.3223683413816961,0.23400449960322145,0.47317046377184657,4.233333333333333
Serie A,ud,Cagliari,Verona,0.9071339884317581,0.6806625304584919,0.3995933917863308,0.4561868841166703,0.412780861265547,4.833333333333334
Serie A,ud,Como,Monza,0.8413900810242614,0.5586412292611005,0.28628051841629865,0.2252905132168712,0.4302912533424894,4.033333333333333
Serie A,ud,AC Milan,Empoli,0.6088786995676769,0.28076073497569154,0.10004395638788044,0.23400449960322145,0.06103983032309046,2.5555555555555554
Serie A,ud,Bologna,Venezia,0.5114849696525366,0.2241200292734189,0.07973482343842575,0.21664151018073696,0.009546739059925646,2.0285714285714285
Serie A,ud,Udinese,Genoa,0.7762844842573349,0.5097749020563187,0.2809956571736535,0.4981750745019886,0.02311528775263294,3.2666666666666666
Serie A,ud,Parma Calcio 1913,Lazio,0.9284838930154863,0.744715262710608,0.49581712876508777,0.2465525716259136,0.6611777707699026,5.119047619047619
Serie A,ud,Torino,Napoli,0.47369612074650613,0.17629265881913503,0.05112660201685393,0.030212108493992806,0.1506314438493248,2.0
Serie A,ud,Fiorentina,Inter,0.8789753845123631,0.6238391663464621,0.34317656623193227,0.30829025143586297,0.4561868841166703,4.444444444444445
Serie A,ud,Lecce,Juventus,0.9375306787679405,0.8104513671858744,0.6297577873500687,0.018952484294636474,0.8067895491505914,4.888888888888888
Serie A,ud,Roma,Atalanta,0.8419932322768975,0.5575612500284804,0.2830225267894677,0.24655257162591349,0.412780861265547,4.0476190476190474
Ligue 1,ud,Reims,Lens,0.6919425144738418,0.3538863754486876,0.13522148744226792,0.13153233451754875,0.25603030460278187,3.0
Ligue 1,ud,Rennes,Saint-Etienne,0.9639180786982539,0.8777104459584667,0.7356514330601248,0.8753479805169189,0.018952484294636474,5.555555555555555
Ligue 1,ud,Brest,Strasbourg,0.9730661929141983,0.8755448244634447,0.6950254598874853,0.8200760133930431,0.30829025143586297,6.388888888888889
Ligue 1,ud,Paris Saint Germain,Nantes,0.9793007191707006,0.9187614677763194,0.8061308115448679,0.9149974843407276,0.044280847530202005,6.333333333333334
Ligue 1,ud,Montpellier,Lille,0.9044108945220314,0.7313023785051312,0.5185828458627175,0.030212108493992806,0.7229315566338927,4.416666666666667
Ligue 1,ud,Le Havre,Angers,0.5986955622831611,0.2740924620150431,0.09776485199285534,0.05233446200539893,0.23400449960322134,2.5
Ligue 1,ud,Toulouse,Auxerre,0.8196885773375575,0.5250296608033495,0.25948769992870624,0.412780861265547,0.19115316946194183,3.8333333333333335
Ligue 1,ud,Lyon,Nice,0.8091760010645714,0.5008073171886526,0.2319389709294737,0.2783205906124929,0.30829025143586297,3.7777777777777777
Ligue 1,ud,Marseille,Monaco,0.9290407695598601,0.7738132440012426,0.5660169554940416,0.07309290163144877,0.7559768865759378,4.92
Bundesliga_2,fbxg,Schalke 04,Kaiserslautern,0.9574342938152478,0.8118742523599238,0.5676448875780665,0.5873934723441938,0.5440553286713644,5.904761904761904
Bundesliga_2,fbxg,Magdeburg,Hertha BSC,0.9170003120406587,0.7169135949119587,0.46079422431082073,0.23400449960322145,0.6304333316038996,4.916666666666667
Bundesliga_2,fbxg,Braunschweig,Jahn R'burg,0.9860636341775756,0.9440386646024939,0.8588694178015244,0.9428090083620635,0.021500872868493892,6.694444444444444
Bundesliga_2,fbxg,Köln,Hannover 96,0.852447815404441,0.5980638696960732,0.343178081239111,0.5440553286713644,0.11845415556086292,4.0476190476190474
Bundesliga_2,fbxg,Elversberg,Paderborn 07,0.9722932658490092,0.8703675001373234,0.6812023775583118,0.8008464327809647,0.34908271203546803,6.3809523809523805
Bundesliga_2,fbxg,Darmstadt 98,Preußen Münster,0.9388576828787639,0.7673538220569422,0.519777400201292,0.6657390479209848,0.30399833873487225,5.357142857142858
Bundesliga_2,fbxg,Ulm,Greuther Fürth,0.871679096794355,0.6156043650815747,0.3422513573697554,0.23400449960322145,0.4981750745019886,4.333333333333333
Bundesliga_2,fbxg,Nürnberg,Düsseldorf,0.9195161233075236,0.7418853084553328,0.5143776079824822,0.11336582079871493,0.7088825384814434,4.833333333333333
Bundesliga_2,fbxg,Karlsruher,Hamburger SV,0.9821155422805342,0.9004891608604052,0.7213818960833851,0.7577982226278346,0.5891407560288576,7.027777777777777
Primeira Liga,fbxg,Farense,Estrela,0.4987479193361567,0.1879447422397874,0.05378758170977349,0.14751782436657845,0.04742259607149024,2.12
Primeira Liga,fbxg,Rio Ave,Moreirense,0.7819077863943664,0.47935144091689275,0.23199242359640904,0.412780861265547,0.11336582079871493,3.5
Primeira Liga,fbxg,Nacional,Boavista,0.8498312221053637,0.580413019626164,0.31366255732664106,0.18076894082425665,0.487828280343769,4.083333333333334
Primeira Liga,fbxg,Sporting CP,Santa Clara,0.9574662015385865,0.8602186697127578,0.7065437230224472,0.8574607811109731,0.019348279184354555,5.36
Primeira Liga,fbxg,Estoril,Famalicão,0.726946833088091,0.4108054891280263,0.18350576211755598,0.08030139707139416,0.3593613070675594,3.1333333333333333
Primeira Liga,fbxg,Arouca,Benfica,0.6666606568108412,0.36538506374981705,0.16417337153931189,0.02311528775263294,0.3503686481179311,2.6999999999999997
Primeira Liga,fbxg,AVS Futebol,Braga,0.6546278613033475,0.3597153348060581,0.16282613684024205,0.014387677966970713,0.3503686481179311,2.5999999999999996
Primeira Liga,fbxg,Vitória,Gil Vicente FC,0.8299821338931415,0.5682441031760043,0.32120118392705,0.5305463165333176,0.08030139707139416,3.8000000000000003
Primeira Liga,fbxg,Porto,Casa Pia,0.9423186173497574,0.8305767781879365,0.663354061880592,0.8301366457345017,0.0025910971518130488,4.800000000000001
Liga Argentina,fbxg,San Lorenzo,Belgrano,0.4337909353602034,0.1409322701544954,0.033780789148268764,0.09447884592849254,0.05130020874402952,1.9008264462809916
Liga Argentina,fbxg,Rosario Central,Racing Club,0.5983775119159591,0.26194379719509486,0.08522466520902539,0.18735953225683188,0.09178015112315951,2.5454545454545454
Liga Argentina,fbxg,Banfield,Lanús,0.6367875738220432,0.31645302443639367,0.12487494773061569,0.28313555232192367,0.04647666964428954,2.644628099173554
Liga Argentina,fbxg,Estudiantes,River Plate,0.4261404852548565,0.1475533666865666,0.040153954251330615,0.12922722587671454,0.021045835784545774,1.818181818181818
Liga Argentina,fbxg,Independiente,Cen. Córdoba–SdE,0.4451053688114184,0.15748912929767567,0.04344780409334881,0.1346539717948494,0.02638846976646969,1.8958333333333333
Liga Argentina,fbxg,Independiente Rivadavia,Arg Juniors,0.3645001952704061,0.13498835897409056,0.03963809905784188,0.13478351436810487,0.00023675532007005895,1.3801652892561984
Liga Argentina,fbxg,Vélez Sarsfield,Sarmiento,0.6897204778860513,0.42530131384034553,0.21715073049931877,0.42510062772684787,0.0003490804185506402,2.512396694214876
Liga Argentina,fbxg,Defensa y Just,Godoy Cruz,0.4682473159943358,0.17684242519102666,0.052808634311960034,0.15778454359197847,0.02262827338781992,1.9586776859504131
Liga Argentina,fbxg,Instituto,Deportivo Riestra,0.6777735963472737,0.39483623806295287,0.19076332526826933,0.3901094471794839,0.007750228072248788,2.644628099173554
Liga Argentina,fbxg,Barracas Central,Tigre,0.5685844875535753,0.2736079589090217,0.10743824581247374,0.01117508289055269,0.26539872881199034,2.239669421487603
Liga Argentina,fbxg,Platense,Unión,0.26573078828358465,0.0638675433649305,0.01197359852967661,0.05379924070565345,0.010640767892413971,1.2892561983471074
Liga Argentina,fbxg,Talleres,Huracán,0.5132824334256012,0.1989344761246984,0.05870447482065333,0.15778454359197847,0.04885915144352837,2.1735537190082646
Liga Argentina,fbxg,Boca Juniors,Gimnasia–LP,0.49140135710371924,0.20918085272398956,0.07223068709666158,0.2026466336793874,0.008194884878650943,1.9504132231404958
Liga Argentina,fbxg,Atlé Tucumán,Newell's OB,0.6646985716242001,0.37796120485381013,0.17782651803113203,0.37240699120347664,0.008850024733360606,2.598484848484848
Brasileirao,fbxg,Cruzeiro,Grêmio,0.6724205489537419,0.3625131536810473,0.15836530196523013,0.338305030859702,0.036585018702496086,2.7750865051903113
Brasileirao,fbxg,Cuiabá,Bahia,0.6696561386813116,0.32541558645078894,0.11546891545218219,0.17952187957701882,0.1778154751994575,2.8996539792387543
Brasileirao,fbxg,Criciúma,Corinthians,0.5901114127491192,0.27560453193227574,0.10273400613753214,0.25074384521333215,0.0331804904906281,2.4221453287197234
Brasileirao,fbxg,Grêmio,São Paulo,0.7359963654618242,0.40116466897503444,0.16152852917287586,0.25441972795324497,0.19681977450791133,3.26643598615917
Brasileirao,fbxg,Flamengo,Internacional,0.5920634760698551,0.2523308111369823,0.07818395977080017,0.1423300808320287,0.12825532042870957,2.5328719723183393
Brasileirao,fbxg,Vitória,Fortaleza,0.7451754564392088,0.41303075359553,0.16965566686917066,0.2691936034096849,0.19681977450791133,3.3217993079584778
Brasileirao,fbxg,Red Bull Bragantino,Cruzeiro,0.5960030579232964,0.28041151935596864,0.10520308562855585,0.25441972795324497,0.03486115764754805,2.4498269896193774
Brasileirao,fbxg,Ath Paranaense,Fluminense,0.5743644418885041,0.26084046220508283,0.09431115934142231,0.2361241762148556,0.03235641870134531,2.359861591695502
Brasileirao,fbxg,Vasco da Gama,Atl Goianiense,0.7866034944660225,0.5078664771612251,0.27074819399940164,0.480353611986968,0.05294536016974505,3.4325259515570936
Brasileirao,fbxg,Corinthians,Bahia,0.9027787149531483,0.6971540238968685,0.45137204285562627,0.6472238435660596,0.14153501992745565,4.627450980392156
Premier W,fbxg,Manchester Utd,Liverpool,0.662033789826362,0.3780973200888985,0.17869781657975492,0.3739325855144102,0.006652214247423016,2.5625
Premier W,fbxg,Manchester City,Leicester City,0.5037939349129866,0.23951029863381623,0.09132910014826001,0.23948076795922757,3.882962237444776e-05,1.75
Premier W,fbxg,Tottenham,Everton,0.8151665528704626,0.5810797635965221,0.3534661735543817,0.5768099188731564,0.010089661629110847,3.4375
Premier W,fbxg,Chelsea,Brighton,0.9396604736279057,0.8265401873096587,0.6577136789494016,0.8264219290899639,0.0006812970041362165,4.666666666666667
Premier W,fbxg,Arsenal,Aston Villa,0.8876691579666308,0.6921488580186683,0.4672805468656832,0.6791528011378658,0.04050543974481391,4.25
Premier W,fbxg,West Ham,Crystal Palace,0.6035103163289376,0.26235087290562276,0.0829840641544447,0.1506314438493248,0.13153233451754875,2.583333333333333
Spain W,fbxg,Granada,Dep La Coruña,0.5652281986823097,0.2667343009973423,0.10238539077964781,0.25603030460278187,0.014387677966970713,2.25
Spain W,fbxg,Athletic Club,Levante Planas,0.7614104533603797,0.45142246524937946,0.21067609476912597,0.38799135002455154,0.10364414821158585,3.3599999999999994
Spain W,fbxg,Real Madrid,Sevilla,0.7382740971358766,0.4123284125504634,0.17567784374418083,0.3233235838169366,0.13153233451754875,3.25
Spain W,fbxg,Barcelona,Real Betis,0.9993920587877441,0.9964257664003296,0.9868539872484151,0.9963637994791655,0.01704166775430227,10.2
Spain W,fbxg,UDG Tenerife,Atlético Madrid,0.6948963370439165,0.38973935953548333,0.1780844913456785,0.03661993500402405,0.36654217516213006,2.8800000000000003
Spain W,fbxg,Eibar,Real Sociedad,0.5170264644061184,0.19329330556613078,0.05243435365351612,0.10183147770929468,0.10183147770929468,2.2222222222222223
Spain W,fbxg,Madrid CFF,Levante,0.8294930109448279,0.5598685922021005,0.30742392179929656,0.10466936736330112,0.5084146663208239,3.833333333333333
Spain W,fbxg,Espanyol,Valencia,0.25605029657686074,0.0662301743744933,0.013720954350908698,0.06285693429791905,0.003599493183089497,1.2
Bundesliga W,fbxg,Leverkusen,Wolfsburg,0.7418178281913199,0.409039450313632,0.16721496324740182,0.19115316946194183,0.26937891406058745,3.3
Bundesliga W,fbxg,Turbine Potsdam,Köln,0.6550744458112208,0.38799135002455154,0.18856930517050474,0.0,0.38799135002455154,2.2399999999999998
Bundesliga W,fbxg,Essen,Bayern Munich,0.9134083745142078,0.7591288680732401,0.5593433790102524,0.012916733390844093,0.7559768865759378,4.44
Bundesliga W,fbxg,Werder Bremen,Freiburg,0.8712343013427873,0.6182036512318086,0.3487952949097535,0.5185432952869835,0.20699754509438195,4.3125
Bundesliga W,fbxg,Carl-Zeiss Jena,Hoffenheim,0.784390682364646,0.48702496885170665,0.24132283126703113,0.09958371859669479,0.4302912533424894,3.5000000000000004
Bundesliga W,fbxg,Eint Frankfurt,RB Leipzig,0.999864588483779,0.9991353623831146,0.9963696740389714,0.9991336933828803,0.0019265698787570562,11.639999999999999
Ecuador,fbxg_n,Macará,Univ Católica,0.6088154815330747,0.26706731498291414,0.08527078815207523,0.15383007260003634,0.1338232885808448,2.607142857142857
Ecuador,fbxg_n,Imbabura Sporting Club,SD Aucas,0.7930617564838693,0.47819439754366644,0.21600200969823524,0.23044035262417895,0.3219426145384865,3.6479591836734695
Ecuador,fbxg_n,Delfín,Cumbayá FC,0.7199158571199231,0.43352633990953393,0.21669983127158798,0.4217373388140284,0.02038693121102997,2.9387755102040813
Ecuador,fbxg_n,Libertad FC,CS Emelec,0.6399480011884395,0.2979151986716465,0.10212916863907895,0.19887577436603032,0.12362555161434718,2.7448979591836733
Ecuador,fbxg_n,Orense,Independiente,0.5688436907568509,0.23413199888686753,0.07049607762748988,0.09999505533543351,0.14904022955276885,2.428571428571429
Ecuador,fbxg_n,LDU de Quito,Deportivo Cuenca,0.8181089503561169,0.5582489869995128,0.3179913057620022,0.5332176592128307,0.05362526728082706,3.653061224489796
Ecuador,fbxg_n,Barcelona,Mushuc Runa,0.9597270212007928,0.8672660628976966,0.7186838983872958,0.8651101979832853,0.015982415884516765,5.403061224489797
Ecuador,fbxg_n,El Nacional,Técnico Univ.,0.6898212521209675,0.34690536932042115,0.12767965298367823,0.19887577436603032,0.1847773294300863,3.0051020408163263
Paraguay,fbxg_n,Tacuary,Sportivo Trinidense,0.7754365136204093,0.4700870336866966,0.2245915169974061,0.11121121529332656,0.40378076835410304,3.4557823129251704
Paraguay,fbxg_n,Sol de América,Sportivo Ameliano,0.6304535994088172,0.28672095125898656,0.09493302686849547,0.15383007260003634,0.1570498718470007,2.707482993197279
Paraguay,fbxg_n,Sport Luqueño,Olimpia,0.4456454089609452,0.1582440876025608,0.04388446715513461,0.025745911367786922,0.1359996101435842,1.8956916099773242
Paraguay,fbxg_n,Club General Caballero JLM,2 de Mayo,0.6137443660577497,0.27376321942859927,0.08996349637957568,0.10930941686054418,0.18463628748425476,2.621315192743764
Paraguay,fbxg_n,Cerro Porteño,Libertad,0.6236567641354844,0.28599539558484344,0.09809926847923534,0.21103150475974775,0.09501506242307955,2.6553287981859413
Paraguay,fbxg_n,Nacional,Guaraní,0.6158041474922347,0.2732055787774027,0.08817997837893421,0.1437761670638662,0.15116305659199125,2.6394557823129254
Uruguay,fbxg_n,Fénix,Maldonado,0.4686814529090856,0.1605345851097255,0.039926504364010906,0.08723856683357345,0.08030139707139416,2.037037037037037
Uruguay,fbxg_n,Boston River,Racing,0.7894341553814722,0.4748044021498222,0.21523407660803873,0.339191758481975,0.20522238547799365,3.614197530864198
Uruguay,fbxg_n,Cerro Largo,Defensor,0.49606810123092926,0.17920703062940635,0.04717891261132734,0.07966602987748139,0.10815747759334982,2.13840830449827
Uruguay,fbxg_n,Danubio,Nacional,0.709878474930076,0.3964440767722758,0.17718997683212945,0.059982639757981016,0.3579310885574163,3.01038062283737
Hungary,fbxg_n,Nyíregyháza,Paks,0.9319045393378537,0.7448684175913302,0.4834622834518205,0.34908271203546803,0.6080430077276242,5.238095238095237
Hungary,fbxg_n,MTK Budapest,Puskás,0.9700912933780038,0.8577632339765439,0.6495665960269437,0.745159822741698,0.4418589425195416,6.333333333333334
Hungary,fbxg_n,Győr,Kecskemét,0.8636704687188316,0.6261363277334759,0.3785118024941503,0.5873934723441938,0.09389782466457075,4.119047619047619
Hungary,fbxg_n,Diósgyőr,Debrecen,0.6117611742460205,0.2719866424239159,0.08908794314335555,0.1835089822048117,0.10836329891053165,2.6122448979591835
Hungary,fbxg_n,Zalaegerszeg,Vidi,0.9243861492397493,0.7577428111615374,0.5396295506159745,0.732638111426251,0.09389782466457075,4.8809523809523805
Hungary,fbxg_n,Újpest,Ferencváros,0.4634312693665156,0.16750994882808823,0.04681722470498739,0.13961041610186598,0.032426627714179146,1.9714285714285715
Serbia,fbxg_n,Čukarički,Spartak Subotic,0.8053970074990235,0.5526883512868714,0.3204551838428473,0.5409094980006758,0.025656930899025543,3.46875
Serbia,fbxg_n,Tekstilac Odžaci,OFK Beograd,0.7127192451704042,0.42616161286826726,0.21151526679565125,0.018192559336219105,0.4155285819144212,2.890625
Serbia,fbxg_n,Radnički Kragujevac,FK IMT Novi Beograd,0.9171668038999298,0.7443904823588546,0.5249622332392351,0.7229315566338927,0.07744990899814219,4.734375
Serbia,fbxg_n,Mladost Lučani,Red Star,0.9145243115321198,0.7567327281987132,0.5538622150655896,0.02207009742384891,0.7512426287810094,4.517857142857142
Serbia,fbxg_n,Napredak Kruš,FK Železničar Pančevo,0.7226840681891725,0.3848564296005832,0.15097597474113533,0.23948076795922757,0.19115316946194183,3.1875
Serbia,fbxg_n,Partizan,FK Jedinstvo Ub,0.9186351133635702,0.7601736776287863,0.5552127782681708,0.7512426287810094,0.03590265005620452,4.642857142857142
Serbia,fbxg_n,TSC Bačka Top,Radnički Niš,0.9114947605738177,0.7054248708042834,0.4484870876139888,0.6230697314780669,0.2184890580667822,4.821428571428571
Serbia,fbxg_n,Novi Pazar,Vojvodina,0.9117758948311475,0.6910724520201189,0.411048529377407,0.4561868841166703,0.4319233226324781,4.90625
Turkey,fbxg_n,Antalyaspor,Sivasspor,0.9110369934239868,0.6904938474340835,0.41206215092606413,0.4981750745019886,0.38323878141612355,4.888888888888889
Turkey,fbxg_n,Samsunspor,BB Bodrumspor,0.8284662857529801,0.5748322955026848,0.33383136591321827,0.5496167157872789,0.055986935126784765,3.738095238095238
Turkey,fbxg_n,Adana Demirspor,Konyaspor,0.9223226271154963,0.7267796446143171,0.46917139710354483,0.26555654054378675,0.627989940045246,5.023809523809524
Turkey,fbxg_n,Alanyaspor,Trabzonspor,0.2751078701817514,0.06596916858646129,0.0121505720842775,0.05233446200539893,0.014387677966970713,1.3333333333333335
Turkey,fbxg_n,Başakşehir,Göztepe,0.9447895045350755,0.7873034441293871,0.5533450051243061,0.7088825384814434,0.26937891406058745,5.466666666666667
Turkey,fbxg_n,Rizespor,Kayserispor,0.6601714971770717,0.3208422082338246,0.11648500054905297,0.11336582079871493,0.23400449960322145,2.8333333333333335
Turkey,fbxg_n,Galatasaray,Eyüpspor,0.8848029495471422,0.6571024748932817,0.40290761898979355,0.5992784507032337,0.1442997619956412,4.408163265306122
Turkey,fbxg_n,Fenerbahçe,Gaziantep FK,0.9720612613524656,0.893294983075911,0.756515638177135,0.8861379645975948,0.06285693429791905,6.033333333333333
Turkey,fbxg_n,Hatayspor,Beşiktaş,0.5809853240426941,0.2773955197569431,0.10745153120181217,0.018952484294636474,0.2634357982920823,2.333333333333333
Poland,fbxg_n,Cracovia,Zagłębie Lubin,0.9402231468698082,0.7912188836251584,0.5801768661614171,0.7595982848033156,0.13153233451754875,5.234375
Poland,fbxg_n,Piast Gliwice,Lech Poznań,0.7241527487905544,0.3901100204976852,0.15710944459254916,0.15383007260003634,0.2792346315398717,3.183673469387755
Poland,fbxg_n,Śląsk Wrocław,Puszcza Niepołomice,0.4655004749395766,0.19467792359561653,0.06596424500428322,0.19115316946194183,0.004357752296970774,1.8214285714285714
Poland,fbxg_n,Katowice,Lechia Gdańsk,0.8861761800007438,0.6452335022560074,0.3737843714464264,0.5335206753522663,0.23948076795922757,4.5
Poland,fbxg_n,Widzew Łódź,RKS Raków,0.3397168730301565,0.10254814569412907,0.02466043056241829,0.009546739059925646,0.09389782466457075,1.5
Poland,fbxg_n,Korona Kielce,Górnik Zabrze,0.6291946426193852,0.291871235465871,0.10159499761862956,0.09389782466457075,0.2184890580667822,2.678571428571429
Poland,fbxg_n,Pogoń Szczecin,Jagiellonia,0.8529242666045226,0.6055747923688457,0.3563810284135218,0.5647011801013033,0.09389782466457075,4.017857142857142
Poland,fbxg_n,Stal Mielec,Legia Warsaw,0.6777533931652888,0.3424302728091829,0.13111161954068584,0.26555654054378675,0.10466936736330112,2.9107142857142856
Poland,fbxg_n,Motor Lublin,Radomiak Radom,0.822673365282926,0.5301046300021912,0.2640706446355562,0.41905518788368545,0.19115316946194183,3.857142857142857
Norway,fbxg_n,Sandefjord,Fredrikstad,0.864620746569047,0.5954019168429718,0.314508854870614,0.4163688870306097,0.30675717218275134,4.2857142857142865
Norway,fbxg_n,Strømsgodset,Molde,0.6738318051062689,0.33899725491285804,0.129561233935081,0.09999505533543351,0.26555654054378675,2.8877551020408165
Norway,fbxg_n,Brann,Viking,0.8654734932633212,0.6015091732809732,0.32572107438027653,0.4692060844861716,0.2492550968048064,4.275510204081633
Norway,fbxg_n,Bodø/Glimt,Lillestrøm,0.9815557457990921,0.9226111367761975,0.8098830111756546,0.91593966041855,0.0793653272264414,6.566326530612245
Norway,fbxg_n,Sarpsborg 08,Tromsø,0.6830996946388214,0.343939693319405,0.12910380602681926,0.24655257162591349,0.12925536411166672,2.954081632653061
Norway,fbxg_n,Haugesund,Odd,0.39351321532297723,0.12071804157567434,0.02794160164215309,0.09090873377650577,0.03279022569758161,1.7448979591836737
Norway,fbxg_n,HamKam,KFUM Oslo,0.6251732027010062,0.2829641584913015,0.09378815401345308,0.1258666062901258,0.1797180537108236,2.6785714285714284
Norway,fbxg_n,Kristiansund,Rosenborg,0.8873633020776105,0.6388396651347558,0.3558641590481195,0.43641087566875014,0.35917795558281207,4.5561224489795915
Czechia,fbxg_n,Sigma Olomouc,Slovácko,0.9030860001637053,0.6876878626743443,0.42889023752793487,0.6080430077276244,0.20319794395037538,4.690476190476191
Czechia,fbxg_n,Bohemians 1905,Slovácko,0.8411398667813872,0.5655432812869314,0.3001016220076257,0.47437431192063584,0.1734484661497936,4.0
Czechia,fbxg_n,Baník Ostrava,Karviná,0.9684755884705992,0.8852657221625775,0.7448099242388078,0.8799497974473748,0.044280847530202005,5.833333333333333
Czechia,fbxg_n,Teplice,Sigma Olomouc,0.9380204509453345,0.7565796292524866,0.49149915021941504,0.4561868841166703,0.5523823099556555,5.392857142857143
Czechia,fbxg_n,Dukla Prague,Sparta Prague,0.858341302245999,0.6118715962373875,0.35990139582394143,0.10836329891053165,0.5647011801013033,4.0892857142857135
Czechia,fbxg_n,Slavia Prague,Slovan Liberec,0.9014833392610089,0.7236039051724878,0.5078985732383889,0.7139619890031115,0.033708513549555286,4.392857142857143
Czechia,fbxg_n,Mladá Boleslav,Hradec Králové,0.4712893606026707,0.19130380889647547,0.06279758579674355,0.1835089822048117,0.009546739059925646,1.8979591836734693
Czechia,fbxg_n,FK Pardubice,České Budĕjov.,0.9025713787269338,0.7217734664083261,0.5030038788485871,0.7088825384814434,0.044280847530202005,4.444444444444445
Croatia,fbxg_n,Varaždin,Šibenik,0.6508310777775936,0.3659399094005038,0.1700013301150466,0.36192739256902406,0.0062884956739249764,2.510204081632653
Croatia,fbxg_n,Slaven Belupo,Osijek,0.8203964213348811,0.5216267241427441,0.2520876060118187,0.23044035262417895,0.37838050956999036,3.8571428571428577
Croatia,fbxg_n,Rijeka,Gorica,0.9291046841942401,0.8012526132083603,0.6203187952128673,0.8008464327809647,0.002039533778216862,4.530612244897959
Croatia,fbxg_n,Lokomotiva,Istra 1961,0.36831351075350005,0.128613453633314,0.03614558460621331,0.1258666062901258,0.0031423663287023507,1.510204081632653
Croatia,fbxg_n,Hajduk Split,Dinamo Zagreb,0.8994343600202919,0.6881729671595231,0.4389103665870254,0.6335584317028373,0.14904022955276885,4.591836734693878
Croatia,fbxg_n,Dinamo Zagreb,Slaven Belupo,0.9164590770884886,0.7486377803677772,0.5352311106977836,0.7337301474042821,0.055986935126784765,4.673469387755102
Japan,fbxg_n,Cerezo Osaka,Kashima Antlers,0.8469858668090622,0.5622519989860197,0.2826919010137515,0.3433642574589133,0.3333472842645484,4.111111111111111
Japan,fbxg_n,Shonan Bellmare,Marinos,0.9230850402312838,0.7188834186365869,0.44505674700197073,0.5252323443496427,0.4078859879822112,5.092592592592593
Japan,fbxg_n,Tokyo Verdy,Kawa Frontale,0.8293258733486047,0.5356991677095078,0.26346246066866374,0.3873647803090319,0.24212513847196093,3.935185185185185
Japan,fbxg_n,Machida Zelvia,Kyoto Sanga,0.7374924991200926,0.41497119211234845,0.1802385694814438,0.339191758481975,0.11467688940484622,3.231481481481482
Japan,fbxg_n,Avispa Fukuoka,Urawa Reds,0.5676318085558334,0.23248518448172428,0.06938482456436534,0.10689795240321154,0.14061912904180462,2.425925925925926
Japan,fbxg_n,Albirex Niigata,Gamba Osaka,0.6947568341338937,0.35778544222843367,0.13813505406217097,0.12809425670915975,0.2634357982920823,3.0123456790123457
Japan,fbxg_n,Grampus,Sagan Tosu,0.7742458075843944,0.477818465459777,0.2375838563410092,0.432225369400981,0.08030139707139416,3.4074074074074074
Japan,fbxg_n,Júbilo Iwata,FC Tokyo,0.8751236037992582,0.614410924802765,0.331483201687492,0.3433642574589133,0.412780861265547,4.407407407407407
Japan,fbxg_n,Kashiwa Reysol,Vissel Kobe,0.7502164085954446,0.43923996141461086,0.20344107386888888,0.09079880237455529,0.38323878141612355,3.2777777777777777
Japan,fbxg_n,Sanfrecce,Consa Sapporo,0.9468597910314395,0.8139255498429808,0.6191864070555761,0.7926840790318084,0.10245942864384017,5.33641975308642
Saudi,fbxg_n,Al-Fayha,Al-Orobah,0.8971718213363189,0.6594953572176454,0.3775670339061207,0.3696154791268951,0.45984612326656826,4.685714285714286
Saudi,fbxg_n,Al Okhdood SC,Al Kholood Saudi Club,0.5411797494315382,0.21455795972391822,0.06302055495031522,0.1506314438493248,0.0752635771735033,2.3055555555555554
Saudi,fbxg_n,Al-Fateh,Al-Riyadh SC,0.8870602100540051,0.6423440666521127,0.364894607221218,0.28728942072187924,0.49817507450198883,4.533333333333334
Saudi,fbxg_n,Al-Qadsiah,Al-Khaleej,0.7547687494643939,0.48170884596394503,0.2572812604396284,0.4714829505372484,0.019348279184354555,3.1200000000000006
Saudi,fbxg_n,Al-Nassr,Damac,0.9226936492397508,0.742856349624397,0.5087385034149643,0.6972531552839982,0.15063144384932492,4.933333333333334
Saudi,fbxg_n,Al-Ahli,Al-Wehda,0.9946325979535598,0.9727436614829209,0.9197871583059772,0.9703638361194782,0.08030139707139416,8.0
Saudi,fbxg_n,Al-Raed,Al-Taawoun,0.7813917324518802,0.4996767793364002,0.26329057946099377,0.4714829505372484,0.053345164224714026,3.4000000000000004
Saudi,fbxg_n,Al-Ettifaq,Al-Ittihad,0.740629288630776,0.46826499680621936,0.24784601684532004,0.012916733390844093,0.46130684089053076,3.0
Saudi,fbxg_n,Al-Shabab,Al-Hilal,0.85226274604025,0.5787028200880915,0.30566208167631426,0.2252905132168712,0.4561868841166703,4.133333333333333
